{"stats":{"minecraft:picked_up":{"minecraft:beef":5,"minecraft:leather":1},"minecraft:mined":{"minecraft:grass":3,"minecraft:oak_leaves":2},"minecraft:custom":{"minecraft:jump":31,"minecraft:time_since_rest":2777,"minecraft:damage_dealt":200,"minecraft:crouch_one_cm":408,"minecraft:leave_game":2,"minecraft:play_time":2777,"minecraft:sprint_one_cm":2771,"minecraft:time_since_death":2777,"minecraft:walk_one_cm":4635,"minecraft:sneak_time":71,"minecraft:total_world_time":2777,"minecraft:mob_kills":2,"minecraft:fall_one_cm":209,"minecraft:fly_one_cm":2686},"minecraft:killed":{"minecraft:cow":2}},"DataVersion":3465}