{"stats":{"minecraft:killed":{"minecraft:cow":1},"minecraft:mined":{"minecraft:grass":1},"minecraft:picked_up":{"minecraft:beef":2},"minecraft:custom":{"minecraft:jump":10,"minecraft:time_since_rest":1505,"minecraft:damage_dealt":100,"minecraft:crouch_one_cm":86,"minecraft:leave_game":1,"minecraft:sprint_one_cm":511,"minecraft:play_time":1505,"minecraft:time_since_death":1505,"minecraft:walk_one_cm":2385,"minecraft:sneak_time":12,"minecraft:total_world_time":1505,"minecraft:mob_kills":1,"minecraft:fly_one_cm":251}},"DataVersion":3465}